{
"meta":{"test_sets":[],"test_metrics":[],"learn_metrics":[{"best_value":"Min","name":"Logloss"}],"launch_mode":"Train","parameters":"","iteration_count":200,"learn_sets":["learn"],"name":"experiment"},
"iterations":[
{"learn":[0.6847342685],"iteration":0,"passed_time":0.002032097043,"remaining_time":0.4043873116},
{"learn":[0.679648092],"iteration":1,"passed_time":0.005102199865,"remaining_time":0.5051177866},
{"learn":[0.6748739469],"iteration":2,"passed_time":0.006888673083,"remaining_time":0.4523561991},
{"learn":[0.667905542],"iteration":3,"passed_time":0.008643656778,"remaining_time":0.4235391821},
{"learn":[0.6638332252],"iteration":4,"passed_time":0.01093633803,"remaining_time":0.4265171831},
{"learn":[0.6595767373],"iteration":5,"passed_time":0.01251138095,"remaining_time":0.4045346508},
{"learn":[0.6553217957],"iteration":6,"passed_time":0.0144382303,"remaining_time":0.3980826354},
{"learn":[0.6481590402],"iteration":7,"passed_time":0.01646618851,"remaining_time":0.3951885242},
{"learn":[0.642424722],"iteration":8,"passed_time":0.02032689718,"remaining_time":0.431381929},
{"learn":[0.6378480457],"iteration":9,"passed_time":0.02203724729,"remaining_time":0.4187076984},
{"learn":[0.6340330657],"iteration":10,"passed_time":0.0240336835,"remaining_time":0.4129423802},
{"learn":[0.6303036682],"iteration":11,"passed_time":0.0264589399,"remaining_time":0.4145233917},
{"learn":[0.6234540176],"iteration":12,"passed_time":0.02807293538,"remaining_time":0.4038183781},
{"learn":[0.6179299619],"iteration":13,"passed_time":0.02984771043,"remaining_time":0.3965481529},
{"learn":[0.6125985214],"iteration":14,"passed_time":0.03141145476,"remaining_time":0.387407942},
{"learn":[0.6112081307],"iteration":15,"passed_time":0.03558736305,"remaining_time":0.4092546751},
{"learn":[0.6052570347],"iteration":16,"passed_time":0.03764611274,"remaining_time":0.4052493313},
{"learn":[0.6026270636],"iteration":17,"passed_time":0.03930714143,"remaining_time":0.3974388745},
{"learn":[0.5988786697],"iteration":18,"passed_time":0.04076169367,"remaining_time":0.388308766},
{"learn":[0.5950900779],"iteration":19,"passed_time":0.04267610475,"remaining_time":0.3840849427},
{"learn":[0.5913943501],"iteration":20,"passed_time":0.04415007681,"remaining_time":0.3763268452},
{"learn":[0.5893613916],"iteration":21,"passed_time":0.04572744077,"remaining_time":0.3699765662},
{"learn":[0.5852941129],"iteration":22,"passed_time":0.04918467068,"remaining_time":0.3785081178},
{"learn":[0.5828855822],"iteration":23,"passed_time":0.05078558482,"remaining_time":0.372427622},
{"learn":[0.580333064],"iteration":24,"passed_time":0.05223064038,"remaining_time":0.3656144827},
{"learn":[0.5773177696],"iteration":25,"passed_time":0.05436076633,"remaining_time":0.3637989747},
{"learn":[0.5733026141],"iteration":26,"passed_time":0.05697336897,"remaining_time":0.3650515864},
{"learn":[0.5702386856],"iteration":27,"passed_time":0.05863118562,"remaining_time":0.3601629974},
{"learn":[0.5682010133],"iteration":28,"passed_time":0.06199291834,"remaining_time":0.3655444495},
{"learn":[0.5656569695],"iteration":29,"passed_time":0.06436331286,"remaining_time":0.3647254395},
{"learn":[0.5619822851],"iteration":30,"passed_time":0.06588454798,"remaining_time":0.3591770519},
{"learn":[0.5595696563],"iteration":31,"passed_time":0.06736157049,"remaining_time":0.3536482451},
{"learn":[0.5563805119],"iteration":32,"passed_time":0.06900327823,"remaining_time":0.349198408},
{"learn":[0.5524584725],"iteration":33,"passed_time":0.07058668073,"remaining_time":0.3446290883},
{"learn":[0.5502832299],"iteration":34,"passed_time":0.07206744545,"remaining_time":0.3397465286},
{"learn":[0.5488146981],"iteration":35,"passed_time":0.07346394222,"remaining_time":0.3346690701},
{"learn":[0.5452285146],"iteration":36,"passed_time":0.07768953571,"remaining_time":0.3422539005},
{"learn":[0.5429212066],"iteration":37,"passed_time":0.07911235565,"remaining_time":0.3372684635},
{"learn":[0.5403351807],"iteration":38,"passed_time":0.0805273484,"remaining_time":0.3324334126},
{"learn":[0.5382747417],"iteration":39,"passed_time":0.08324671917,"remaining_time":0.3329868767},
{"learn":[0.5362477869],"iteration":40,"passed_time":0.08482753314,"remaining_time":0.3289653114},
{"learn":[0.5337193241],"iteration":41,"passed_time":0.0863413436,"remaining_time":0.3248079116},
{"learn":[0.5313705808],"iteration":42,"passed_time":0.08789963417,"remaining_time":0.3209358736},
{"learn":[0.5296538378],"iteration":43,"passed_time":0.09346477211,"remaining_time":0.3313751011},
{"learn":[0.5274868729],"iteration":44,"passed_time":0.09514454989,"remaining_time":0.3277201163},
{"learn":[0.5246643907],"iteration":45,"passed_time":0.09698301864,"remaining_time":0.3246822798},
{"learn":[0.5220461253],"iteration":46,"passed_time":0.09844225279,"remaining_time":0.3204609506},
{"learn":[0.5202201624],"iteration":47,"passed_time":0.09985846196,"remaining_time":0.3162184629},
{"learn":[0.5173331435],"iteration":48,"passed_time":0.1013002992,"remaining_time":0.3121703098},
{"learn":[0.515242546],"iteration":49,"passed_time":0.104689114,"remaining_time":0.3140673421},
{"learn":[0.5134968974],"iteration":50,"passed_time":0.1062648295,"remaining_time":0.3104599922},
{"learn":[0.5120631825],"iteration":51,"passed_time":0.107963276,"remaining_time":0.3072800932},
{"learn":[0.5102502228],"iteration":52,"passed_time":0.10973976,"remaining_time":0.3043725418},
{"learn":[0.5085225092],"iteration":53,"passed_time":0.1122027791,"remaining_time":0.3033630694},
{"learn":[0.5069729707],"iteration":54,"passed_time":0.1140091226,"remaining_time":0.3005695051},
{"learn":[0.5045772983],"iteration":55,"passed_time":0.1157644402,"remaining_time":0.2976799891},
{"learn":[0.502605495],"iteration":56,"passed_time":0.1197490852,"remaining_time":0.3004231435},
{"learn":[0.5007932143],"iteration":57,"passed_time":0.1214040344,"remaining_time":0.2972305669},
{"learn":[0.498860853],"iteration":58,"passed_time":0.1227978175,"remaining_time":0.2934659707},
{"learn":[0.4967529985],"iteration":59,"passed_time":0.1241379431,"remaining_time":0.2896552005},
{"learn":[0.4939387322],"iteration":60,"passed_time":0.1255760898,"remaining_time":0.2861487947},
{"learn":[0.4921300731],"iteration":61,"passed_time":0.1273128213,"remaining_time":0.2833736991},
{"learn":[0.4904169867],"iteration":62,"passed_time":0.1287359589,"remaining_time":0.279949625},
{"learn":[0.4885550746],"iteration":63,"passed_time":0.1300515252,"remaining_time":0.2763594911},
{"learn":[0.4857597482],"iteration":64,"passed_time":0.1338666636,"remaining_time":0.2780307628},
{"learn":[0.4840277175],"iteration":65,"passed_time":0.1355694126,"remaining_time":0.2752469893},
{"learn":[0.4818580637],"iteration":66,"passed_time":0.1368945841,"remaining_time":0.2717459654},
{"learn":[0.480765609],"iteration":67,"passed_time":0.1382618614,"remaining_time":0.2683906722},
{"learn":[0.4791841178],"iteration":68,"passed_time":0.1408866991,"remaining_time":0.2674805446},
{"learn":[0.4782658111],"iteration":69,"passed_time":0.1427445618,"remaining_time":0.2650970434},
{"learn":[0.4766889485],"iteration":70,"passed_time":0.144551081,"remaining_time":0.2626350626},
{"learn":[0.4750837133],"iteration":71,"passed_time":0.148233045,"remaining_time":0.2635254133},
{"learn":[0.4735875296],"iteration":72,"passed_time":0.1498449327,"remaining_time":0.2606891294},
{"learn":[0.4719038754],"iteration":73,"passed_time":0.1512229821,"remaining_time":0.2574877804},
{"learn":[0.4690001778],"iteration":74,"passed_time":0.1528873572,"remaining_time":0.254812262},
{"learn":[0.4681601944],"iteration":75,"passed_time":0.1546357792,"remaining_time":0.2523004818},
{"learn":[0.4669955524],"iteration":76,"passed_time":0.1565308523,"remaining_time":0.2500427901},
{"learn":[0.464647391],"iteration":77,"passed_time":0.1580228005,"remaining_time":0.2471638675},
{"learn":[0.4635798135],"iteration":78,"passed_time":0.1594482474,"remaining_time":0.2442182017},
{"learn":[0.4628348442],"iteration":79,"passed_time":0.1631268949,"remaining_time":0.2446903424},
{"learn":[0.4614332598],"iteration":80,"passed_time":0.1649739387,"remaining_time":0.2423691199},
{"learn":[0.4595282784],"iteration":81,"passed_time":0.1664066044,"remaining_time":0.2394631624},
{"learn":[0.4578724319],"iteration":82,"passed_time":0.1696893779,"remaining_time":0.2392006893},
{"learn":[0.4567705528],"iteration":83,"passed_time":0.1716950108,"remaining_time":0.237102634},
{"learn":[0.4552677421],"iteration":84,"passed_time":0.1732543894,"remaining_time":0.2344029974},
{"learn":[0.4536955135],"iteration":85,"passed_time":0.1770108218,"remaining_time":0.2346422522},
{"learn":[0.4521950342],"iteration":86,"passed_time":0.1784946665,"remaining_time":0.2318379001},
{"learn":[0.4513188559],"iteration":87,"passed_time":0.1798681488,"remaining_time":0.2289230984},
{"learn":[0.4499471026],"iteration":88,"passed_time":0.1825709871,"remaining_time":0.227700894},
{"learn":[0.4487982152],"iteration":89,"passed_time":0.1839543106,"remaining_time":0.2248330463},
{"learn":[0.4481785965],"iteration":90,"passed_time":0.1853503698,"remaining_time":0.2220130803},
{"learn":[0.4476019095],"iteration":91,"passed_time":0.1868190114,"remaining_time":0.2193092742},
{"learn":[0.4471733606],"iteration":92,"passed_time":0.190930429,"remaining_time":0.2196726442},
{"learn":[0.4456832181],"iteration":93,"passed_time":0.1925876676,"remaining_time":0.2171733272},
{"learn":[0.4440142202],"iteration":94,"passed_time":0.1941163938,"remaining_time":0.2145496984},
{"learn":[0.4429114302],"iteration":95,"passed_time":0.196921122,"remaining_time":0.2133312155},
{"learn":[0.4417414828],"iteration":96,"passed_time":0.1985360195,"remaining_time":0.2108165981},
{"learn":[0.4410277824],"iteration":97,"passed_time":0.2002626121,"remaining_time":0.2084365963},
{"learn":[0.4404077473],"iteration":98,"passed_time":0.2019090549,"remaining_time":0.2059880257},
{"learn":[0.4393137582],"iteration":99,"passed_time":0.2059105367,"remaining_time":0.2059105367},
{"learn":[0.4381978636],"iteration":100,"passed_time":0.2074339744,"remaining_time":0.203326371},
{"learn":[0.437816592],"iteration":101,"passed_time":0.2091047034,"remaining_time":0.200904519},
{"learn":[0.4367724769],"iteration":102,"passed_time":0.2105316836,"remaining_time":0.198267702},
{"learn":[0.4360168575],"iteration":103,"passed_time":0.2121588398,"remaining_time":0.195838929},
{"learn":[0.4352638088],"iteration":104,"passed_time":0.2137227405,"remaining_time":0.1933681938},
{"learn":[0.4340376131],"iteration":105,"passed_time":0.2152855319,"remaining_time":0.1909135849},
{"learn":[0.4324113573],"iteration":106,"passed_time":0.218346072,"remaining_time":0.189777427},
{"learn":[0.4310196533],"iteration":107,"passed_time":0.2199664229,"remaining_time":0.1873788047},
{"learn":[0.4287550568],"iteration":108,"passed_time":0.2218020958,"remaining_time":0.1851742268},
{"learn":[0.4271552244],"iteration":109,"passed_time":0.2232897694,"remaining_time":0.1826916295},
{"learn":[0.4262356508],"iteration":110,"passed_time":0.2253719494,"remaining_time":0.1807036351},
{"learn":[0.4251450839],"iteration":111,"passed_time":0.2272305142,"remaining_time":0.1785382612},
{"learn":[0.4241155042],"iteration":112,"passed_time":0.2287987851,"remaining_time":0.1761548169},
{"learn":[0.4227129181],"iteration":113,"passed_time":0.2308965003,"remaining_time":0.1741850792},
{"learn":[0.4221174071],"iteration":114,"passed_time":0.2336247457,"remaining_time":0.1726791599},
{"learn":[0.4215474379],"iteration":115,"passed_time":0.2352853896,"remaining_time":0.1703790752},
{"learn":[0.4201200661],"iteration":116,"passed_time":0.2368955845,"remaining_time":0.1680541326},
{"learn":[0.4190141787],"iteration":117,"passed_time":0.2386219226,"remaining_time":0.165822014},
{"learn":[0.4180589316],"iteration":118,"passed_time":0.2407233371,"remaining_time":0.1638537001},
{"learn":[0.4167677516],"iteration":119,"passed_time":0.2421749518,"remaining_time":0.1614499679},
{"learn":[0.4151408792],"iteration":120,"passed_time":0.243638047,"remaining_time":0.1590694687},
{"learn":[0.4141744936],"iteration":121,"passed_time":0.2476002191,"remaining_time":0.1583017794},
{"learn":[0.4132702007],"iteration":122,"passed_time":0.2494440147,"remaining_time":0.1561560092},
{"learn":[0.4124463436],"iteration":123,"passed_time":0.2509392956,"remaining_time":0.1538015037},
{"learn":[0.4112863544],"iteration":124,"passed_time":0.2531193709,"remaining_time":0.1518716225},
{"learn":[0.4099791757],"iteration":125,"passed_time":0.2549865469,"remaining_time":0.1497540037},
{"learn":[0.4083650048],"iteration":126,"passed_time":0.2566035965,"remaining_time":0.1474965555},
{"learn":[0.407991629],"iteration":127,"passed_time":0.2580919973,"remaining_time":0.1451767485},
{"learn":[0.4062479503],"iteration":128,"passed_time":0.2622259797,"remaining_time":0.1443259268},
{"learn":[0.4051427966],"iteration":129,"passed_time":0.2639692623,"remaining_time":0.1421372951},
{"learn":[0.4038951677],"iteration":130,"passed_time":0.265479408,"remaining_time":0.1398326653},
{"learn":[0.4031506331],"iteration":131,"passed_time":0.2670325308,"remaining_time":0.1375622128},
{"learn":[0.4022261798],"iteration":132,"passed_time":0.2691133999,"remaining_time":0.1355684044},
{"learn":[0.400599213],"iteration":133,"passed_time":0.270627162,"remaining_time":0.1332939753},
{"learn":[0.3997226814],"iteration":134,"passed_time":0.2721309822,"remaining_time":0.1310260284},
{"learn":[0.3987184236],"iteration":135,"passed_time":0.2757649891,"remaining_time":0.1297717596},
{"learn":[0.3973528301],"iteration":136,"passed_time":0.2772464393,"remaining_time":0.1274928882},
{"learn":[0.3964023708],"iteration":137,"passed_time":0.2786825941,"remaining_time":0.1252052234},
{"learn":[0.3953300979],"iteration":138,"passed_time":0.2813384283,"remaining_time":0.1234650657},
{"learn":[0.3946890065],"iteration":139,"passed_time":0.2836223597,"remaining_time":0.1215524399},
{"learn":[0.3940414821],"iteration":140,"passed_time":0.2854166686,"remaining_time":0.1194296698},
{"learn":[0.3926125106],"iteration":141,"passed_time":0.2870071353,"remaining_time":0.1172282665},
{"learn":[0.3916021055],"iteration":142,"passed_time":0.2887438676,"remaining_time":0.1150937095},
{"learn":[0.3903096171],"iteration":143,"passed_time":0.2901933405,"remaining_time":0.1128529658},
{"learn":[0.3895942774],"iteration":144,"passed_time":0.2916835565,"remaining_time":0.1106385904},
{"learn":[0.3892686407],"iteration":145,"passed_time":0.2931462304,"remaining_time":0.1084239482},
{"learn":[0.3889405511],"iteration":146,"passed_time":0.294867132,"remaining_time":0.1063126394},
{"learn":[0.387995778],"iteration":147,"passed_time":0.2963049562,"remaining_time":0.1041071468},
{"learn":[0.3864476516],"iteration":148,"passed_time":0.2978526584,"remaining_time":0.1019495676},
{"learn":[0.3848935569],"iteration":149,"passed_time":0.3016256937,"remaining_time":0.1005418979},
{"learn":[0.3838024857],"iteration":150,"passed_time":0.3033266881,"remaining_time":0.09843051468},
{"learn":[0.3823777019],"iteration":151,"passed_time":0.3048078004,"remaining_time":0.09625509486},
{"learn":[0.3815099404],"iteration":152,"passed_time":0.3062916159,"remaining_time":0.09408958136},
{"learn":[0.3808755172],"iteration":153,"passed_time":0.3086841265,"remaining_time":0.09220434948},
{"learn":[0.3802504272],"iteration":154,"passed_time":0.3102205939,"remaining_time":0.0900640434},
{"learn":[0.3795251519],"iteration":155,"passed_time":0.3121794423,"remaining_time":0.08805061194},
{"learn":[0.3785291757],"iteration":156,"passed_time":0.3156132667,"remaining_time":0.08644185011},
{"learn":[0.3777123043],"iteration":157,"passed_time":0.317382516,"remaining_time":0.08436750426},
{"learn":[0.376764132],"iteration":158,"passed_time":0.3188916044,"remaining_time":0.08222991056},
{"learn":[0.376166965],"iteration":159,"passed_time":0.320339762,"remaining_time":0.08008494051},
{"learn":[0.3756183832],"iteration":160,"passed_time":0.3218387007,"remaining_time":0.07796092749},
{"learn":[0.3746189359],"iteration":161,"passed_time":0.323502485,"remaining_time":0.07588329895},
{"learn":[0.3740386377],"iteration":162,"passed_time":0.3251700625,"remaining_time":0.07381160928},
{"learn":[0.3732410499],"iteration":163,"passed_time":0.3265574968,"remaining_time":0.07168335296},
{"learn":[0.3722580891],"iteration":164,"passed_time":0.3298679147,"remaining_time":0.06997198191},
{"learn":[0.3714169451],"iteration":165,"passed_time":0.3315445668,"remaining_time":0.0679067185},
{"learn":[0.3705004168],"iteration":166,"passed_time":0.3329651631,"remaining_time":0.06579551127},
{"learn":[0.3694462938],"iteration":167,"passed_time":0.3354641101,"remaining_time":0.06389792574},
{"learn":[0.3686333376],"iteration":168,"passed_time":0.3386278938,"remaining_time":0.06211517579},
{"learn":[0.3680696785],"iteration":169,"passed_time":0.3410222665,"remaining_time":0.06018039997},
{"learn":[0.3676355976],"iteration":170,"passed_time":0.3442621228,"remaining_time":0.05838363486},
{"learn":[0.3665942162],"iteration":171,"passed_time":0.3461631898,"remaining_time":0.05635214718},
{"learn":[0.3654993156],"iteration":172,"passed_time":0.3480202966,"remaining_time":0.05431530641},
{"learn":[0.3644293047],"iteration":173,"passed_time":0.3495110616,"remaining_time":0.05222579082},
{"learn":[0.3632328102],"iteration":174,"passed_time":0.3511792796,"remaining_time":0.05016846851},
{"learn":[0.3629120618],"iteration":175,"passed_time":0.3526259353,"remaining_time":0.04808535481},
{"learn":[0.3622991562],"iteration":176,"passed_time":0.3541405489,"remaining_time":0.04601826342},
{"learn":[0.3611790622],"iteration":177,"passed_time":0.3556391371,"remaining_time":0.04395539896},
{"learn":[0.3607129917],"iteration":178,"passed_time":0.3573110135,"remaining_time":0.04191916918},
{"learn":[0.3600945242],"iteration":179,"passed_time":0.358927568,"remaining_time":0.03988084089},
{"learn":[0.3594486347],"iteration":180,"passed_time":0.3619448795,"remaining_time":0.03799421387},
{"learn":[0.3582713864],"iteration":181,"passed_time":0.3636851706,"remaining_time":0.03596886303},
{"learn":[0.3577566764],"iteration":182,"passed_time":0.3655579421,"remaining_time":0.03395893451},
{"learn":[0.3568812014],"iteration":183,"passed_time":0.3669905948,"remaining_time":0.03191222564},
{"learn":[0.3561484867],"iteration":184,"passed_time":0.3702799806,"remaining_time":0.03002270113},
{"learn":[0.3556264566],"iteration":185,"passed_time":0.3717806839,"remaining_time":0.02798349234},
{"learn":[0.354200561],"iteration":186,"passed_time":0.373283205,"remaining_time":0.02595016933},
{"learn":[0.3536791962],"iteration":187,"passed_time":0.3747676167,"remaining_time":0.02392133724},
{"learn":[0.3524251323],"iteration":188,"passed_time":0.3764051192,"remaining_time":0.02190717625},
{"learn":[0.3516051451],"iteration":189,"passed_time":0.3782172268,"remaining_time":0.01990616983},
{"learn":[0.3504045426],"iteration":190,"passed_time":0.3799003369,"remaining_time":0.017901063},
{"learn":[0.3491485516],"iteration":191,"passed_time":0.381432156,"remaining_time":0.0158930065},
{"learn":[0.3484008823],"iteration":192,"passed_time":0.3850078843,"remaining_time":0.01396401653},
{"learn":[0.3471346435],"iteration":193,"passed_time":0.387261617,"remaining_time":0.01197716341},
{"learn":[0.3460259208],"iteration":194,"passed_time":0.389868149,"remaining_time":0.009996619206},
{"learn":[0.3451029359],"iteration":195,"passed_time":0.392455345,"remaining_time":0.008009292754},
{"learn":[0.3435599396],"iteration":196,"passed_time":0.394159237,"remaining_time":0.006002424929},
{"learn":[0.3428655974],"iteration":197,"passed_time":0.3958240799,"remaining_time":0.003998223029},
{"learn":[0.3421513354],"iteration":198,"passed_time":0.3987393856,"remaining_time":0.002003715505},
{"learn":[0.3414954012],"iteration":199,"passed_time":0.4014620053,"remaining_time":0}
]}